Y house price of unit area,No,X1 transaction date,X2 house age,X3 distance to the nearest MRT station,X4 number of convenience stores,X5 latitude,X6 longitude
306000000,119,2013-06-01 00:00:00,25.3,1583.722,3,24.96622,121.51709
307000000,132,2013-06-01 00:00:00,4.0,2147.376,3,24.96299,121.51284
356000000,337,2012-09-01 00:00:00,5.1,1867.233,2,24.98407,121.51748
137000000,56,2012-09-01 00:00:00,31.7,1160.632,0,24.94968,121.53009
629000000,127,2012-12-01 00:00:00,38.6,804.6897,4,24.97838,121.53477
305000000,377,2013-05-01 00:00:00,14.7,1717.193,2,24.96447,121.51649
419000000,57,2013-05-01 00:00:00,33.6,371.2495,8,24.97254,121.54059
544000000,292,2012-09-01 00:00:00,3.4,56.47425,7,24.95744,121.53711
295000000,366,2012-11-01 00:00:00,17.3,2261.432,4,24.96182,121.51222
437000000,85,2012-12-01 00:00:00,15.1,383.2805,7,24.96735,121.54464
122000000,117,2012-12-01 00:00:00,30.9,6396.283,1,24.94375,121.47883
221000000,10,2013-05-01 00:00:00,17.9,1783.18,3,24.96731,121.51486
495000000,375,2013-03-01 00:00:00,5.4,390.5684,5,24.97937,121.54245
474000000,138,2013-06-01 00:00:00,13.6,319.0708,6,24.96495,121.54277
186000000,321,2012-09-01 00:00:00,13.5,4197.349,0,24.93885,121.50383
285000000,403,2012-09-01 00:00:00,12.7,187.4823,1,24.97388,121.52981
147000000,232,2012-09-01 00:00:00,16.2,4074.736,0,24.94235,121.50357
454000000,91,2012-09-01 00:00:00,0.0,274.0144,1,24.9748,121.53059
410000000,95,2012-11-01 00:00:00,40.9,167.5989,5,24.9663,121.54026
351000000,174,2012-12-01 00:00:00,41.3,401.8807,4,24.98326,121.5446
221000000,31,2013-06-01 00:00:00,25.9,4519.69,0,24.94826,121.49587
289000000,142,2013-03-01 00:00:00,5.1,1559.827,3,24.97213,121.51627
305000000,105,2012-08-01 00:00:00,32.7,392.4459,6,24.96398,121.5425
265000000,80,2012-12-01 00:00:00,18.0,1414.837,1,24.95182,121.54887
493000000,34,2013-03-01 00:00:00,16.5,323.655,6,24.97841,121.54281
370000000,291,2012-12-01 00:00:00,37.7,490.3446,0,24.97217,121.53471
563000000,287,2012-11-01 00:00:00,5.9,90.45606,9,24.97433,121.5431
154000000,410,2012-12-01 00:00:00,13.7,4082.015,0,24.94155,121.50381
485000000,223,2013-06-01 00:00:00,30.6,431.1114,10,24.98123,121.53743
633000000,362,2012-12-01 00:00:00,41.4,281.205,8,24.97345,121.54093
505000000,16,2013-06-01 00:00:00,35.7,579.2083,2,24.9824,121.54619
422000000,312,2013-02-01 00:00:00,21.3,537.7971,4,24.97425,121.53814
379000000,1,2012-11-01 00:00:00,32.0,84.87882,10,24.98298,121.54024
375000000,318,2012-09-01 00:00:00,15.6,752.7669,2,24.97795,121.53451
405000000,273,2012-09-01 00:00:00,13.0,492.2313,5,24.96515,121.53737
574000000,125,2012-11-01 00:00:00,9.9,279.1726,7,24.97528,121.54541
265000000,272,2012-11-01 00:00:00,17.7,451.6419,8,24.96945,121.5449
218000000,185,2012-09-01 00:00:00,14.1,2615.465,0,24.95495,121.56174
497000000,276,2012-08-01 00:00:00,1.5,23.38284,7,24.96772,121.54102
471000000,361,2012-08-01 00:00:00,32.9,87.30222,10,24.983,121.54022
490000000,226,2013-03-01 00:00:00,1.1,193.5845,6,24.96571,121.54089
607000000,356,2013-03-01 00:00:00,3.8,383.8624,5,24.98085,121.54391
331000000,365,2013-05-01 00:00:00,35.3,614.1394,7,24.97913,121.53666
410000000,275,2013-02-01 00:00:00,27.5,394.0173,7,24.97305,121.53994
365000000,176,2012-12-01 00:00:00,30.2,472.1745,3,24.97005,121.53758
200000000,74,2013-02-01 00:00:00,13.8,4082.015,0,24.94155,121.50381
347000000,43,2013-05-01 00:00:00,36.1,519.4617,5,24.96305,121.53758
306000000,166,2012-11-01 00:00:00,13.7,1236.564,1,24.97694,121.55391
256000000,78,2012-09-01 00:00:00,20.5,2185.128,3,24.96322,121.51237
462000000,40,2013-02-01 00:00:00,16.2,289.3248,5,24.98203,121.54348
277000000,402,2012-12-01 00:00:00,7.6,2175.03,3,24.96305,121.51254
270000000,26,2012-12-01 00:00:00,29.3,1487.868,2,24.97542,121.51726
156000000,156,2013-02-01 00:00:00,13.8,4082.015,0,24.94155,121.50381
155000000,181,2012-08-01 00:00:00,26.9,4449.27,0,24.94898,121.49621
112000000,348,2013-06-01 00:00:00,17.4,6488.021,1,24.95719,121.47353
237000000,267,2013-03-01 00:00:00,17.8,1783.18,3,24.96731,121.51486
246000000,23,2012-11-01 00:00:00,14.7,1360.139,1,24.95204,121.54842
420000000,47,2013-05-01 00:00:00,21.7,463.9623,9,24.9703,121.54458
298000000,79,2012-11-01 00:00:00,38.2,552.4371,2,24.97598,121.53381
289000000,153,2013-03-01 00:00:00,12.0,1360.139,1,24.95204,121.54842
481000000,83,2012-12-01 00:00:00,13.2,150.9347,7,24.96725,121.54252
368000000,77,2013-06-01 00:00:00,35.9,616.4004,3,24.97723,121.53767
535000000,58,2012-11-01 00:00:00,3.5,56.47425,7,24.95744,121.53711
516000000,111,2012-12-01 00:00:00,8.1,104.8101,5,24.96674,121.54067
388000000,25,2012-12-01 00:00:00,39.6,480.6977,4,24.97353,121.53885
374000000,18,2012-09-01 00:00:00,17.7,350.8515,1,24.97544,121.53119
406000000,239,2012-12-01 00:00:00,12.8,732.8528,0,24.97668,121.52518
372000000,406,2012-08-01 00:00:00,23.0,130.9945,6,24.95663,121.53765
250000000,32,2012-09-01 00:00:00,29.6,769.4034,7,24.98281,121.53408
235000000,284,2013-05-01 00:00:00,33.5,1978.671,2,24.98674,121.51844
356000000,158,2013-03-01 00:00:00,16.1,815.9314,4,24.97886,121.53464
461000000,204,2012-08-01 00:00:00,15.6,289.3248,5,24.98203,121.54348
262000000,209,2012-09-01 00:00:00,11.5,1360.139,1,24.95204,121.54842
427000000,193,2013-02-01 00:00:00,43.8,57.58945,7,24.9675,121.54069
239000000,235,2013-03-01 00:00:00,8.0,2216.612,4,24.96007,121.51361
321000000,6,2012-08-01 00:00:00,7.1,2175.03,3,24.96305,121.51254
383000000,46,2012-12-01 00:00:00,36.6,488.8193,8,24.97015,121.54494
408000000,246,2013-05-01 00:00:00,7.5,639.6198,5,24.97258,121.54814
308000000,347,2013-05-01 00:00:00,13.2,1712.632,2,24.96412,121.5167
346000000,196,2013-03-01 00:00:00,15.2,461.1016,5,24.95425,121.5399
293000000,383,2012-12-01 00:00:00,16.3,3529.564,0,24.93207,121.51597
355000000,401,2013-03-01 00:00:00,26.8,482.7581,5,24.97433,121.53863
341000000,297,2012-09-01 00:00:00,12.5,1144.436,4,24.99176,121.53456
548000000,4,2013-06-01 00:00:00,13.3,561.9845,5,24.98746,121.54391
423000000,19,2013-05-01 00:00:00,16.9,368.1363,8,24.9675,121.54451
300000000,251,2013-02-01 00:00:00,39.2,424.7132,7,24.97429,121.53917
213000000,61,2013-05-01 00:00:00,11.0,1931.207,2,24.96365,121.51471
386000000,391,2013-06-01 00:00:00,32.8,377.8302,9,24.97151,121.5435
281000000,409,2013-05-01 00:00:00,18.5,2175.744,3,24.9633,121.51243
550000000,64,2013-06-01 00:00:00,2.6,533.4762,4,24.97445,121.54765
244000000,262,2013-02-01 00:00:00,16.2,2288.011,3,24.95885,121.51359
285000000,298,2012-09-01 00:00:00,34.9,567.0349,4,24.97003,121.5458
76000000,114,2013-03-01 00:00:00,14.8,393.2606,6,24.96172,121.53812
223000000,249,2012-12-01 00:00:00,19.0,1009.235,0,24.96357,121.54951
621000000,327,2013-06-01 00:00:00,4.1,56.47425,7,24.95744,121.53711
500000000,411,2012-08-01 00:00:00,5.6,90.45606,9,24.97433,121.5431
313000000,392,2013-06-01 00:00:00,6.2,1939.749,1,24.95155,121.55387
257000000,353,2012-09-01 00:00:00,18.4,2674.961,3,24.96143,121.50827
375000000,133,2013-02-01 00:00:00,26.6,482.7581,5,24.97433,121.53863
390000000,238,2013-02-01 00:00:00,13.0,732.8528,0,24.97668,121.52518
341000000,109,2013-05-01 00:00:00,31.4,592.5006,2,24.9726,121.53561
329000000,102,2012-09-01 00:00:00,12.7,170.1289,1,24.97371,121.52984
493000000,194,2013-05-01 00:00:00,9.7,421.479,5,24.98246,121.54477
571000000,30,2012-12-01 00:00:00,7.1,451.2438,5,24.97563,121.54694
247000000,308,2012-09-01 00:00:00,10.3,3079.89,0,24.9546,121.56627
553000000,387,2012-09-01 00:00:00,0.0,185.4296,0,24.9711,121.5317
550000000,306,2012-12-01 00:00:00,16.2,289.3248,5,24.98203,121.54348
533000000,115,2012-08-01 00:00:00,30.6,143.8383,8,24.98155,121.54142
231000000,248,2013-03-01 00:00:00,21.7,1055.067,0,24.96211,121.54928
295000000,76,2013-06-01 00:00:00,12.3,1360.139,1,24.95204,121.54842
401000000,269,2013-05-01 00:00:00,17.2,390.5684,5,24.97937,121.54245
451000000,149,2013-06-01 00:00:00,16.4,3780.59,0,24.93293,121.51203
701000000,17,2013-03-01 00:00:00,0.0,292.9978,6,24.97744,121.54458
507000000,67,2012-12-01 00:00:00,1.0,193.5845,6,24.96571,121.54089
370000000,342,2012-12-01 00:00:00,13.0,750.0704,2,24.97371,121.54951
467000000,8,2013-05-01 00:00:00,20.3,287.6025,6,24.98042,121.54228
293000000,195,2013-06-01 00:00:00,15.2,3771.895,0,24.93363,121.51158
477000000,20,2012-08-01 00:00:00,1.5,23.38284,7,24.96772,121.54102
192000000,177,2012-09-01 00:00:00,13.9,4573.779,0,24.94867,121.49507
209000000,368,2012-09-01 00:00:00,15.0,1828.319,2,24.96464,121.51531
294000000,305,2013-05-01 00:00:00,20.0,1626.083,3,24.96622,121.51668
391000000,199,2012-12-01 00:00:00,34.0,157.6052,7,24.96628,121.54196
455000000,146,2012-11-01 00:00:00,2.1,451.2438,5,24.97563,121.54694
381000000,266,2012-09-01 00:00:00,15.7,815.9314,4,24.97886,121.53464
284000000,110,2013-06-01 00:00:00,4.0,2147.376,3,24.96299,121.51284
315000000,203,2012-11-01 00:00:00,38.3,642.6985,3,24.97559,121.53713
366000000,197,2012-12-01 00:00:00,22.8,707.9067,2,24.981,121.54713
319000000,397,2012-08-01 00:00:00,37.1,918.6357,1,24.97198,121.55063
297000000,240,2013-06-01 00:00:00,18.1,837.7233,0,24.96334,121.54767
177000000,84,2012-11-01 00:00:00,25.3,2707.392,3,24.96056,121.50831
374000000,169,2012-12-01 00:00:00,27.6,515.1122,5,24.96299,121.5432
425000000,324,2013-05-01 00:00:00,28.6,197.1338,6,24.97631,121.54436
544000000,75,2012-11-01 00:00:00,6.8,379.5575,10,24.98343,121.53762
403000000,384,2012-08-01 00:00:00,29.1,506.1144,4,24.97845,121.53889
596000000,120,2013-06-01 00:00:00,16.6,289.3248,5,24.98203,121.54348
409000000,210,2012-09-01 00:00:00,34.8,175.6294,8,24.97347,121.54271
402000000,220,2012-09-01 00:00:00,29.3,529.7771,8,24.98102,121.53655
409000000,154,2013-03-01 00:00:00,6.5,376.1709,6,24.95418,121.53713
420000000,178,2012-12-01 00:00:00,33.0,181.0766,9,24.97697,121.54262
256000000,388,2013-03-01 00:00:00,16.2,2103.555,3,24.96042,121.51462
517000000,372,2013-06-01 00:00:00,4.1,312.8963,5,24.95591,121.53956
229000000,37,2012-11-01 00:00:00,14.7,1935.009,2,24.96386,121.51458
425000000,140,2012-08-01 00:00:00,12.9,492.2313,5,24.96515,121.53737
363000000,339,2012-11-01 00:00:00,31.5,258.186,9,24.96867,121.54331
581000000,173,2013-06-01 00:00:00,6.6,90.45606,9,24.97433,121.5431
435000000,212,2012-12-01 00:00:00,0.0,274.0144,1,24.9748,121.53059
396000000,333,2013-02-01 00:00:00,39.8,617.7134,2,24.97577,121.53475
424000000,60,2012-12-01 00:00:00,13.3,336.0532,5,24.95776,121.53438
394000000,112,2013-06-01 00:00:00,33.3,196.6172,7,24.97701,121.54224
344000000,285,2012-11-01 00:00:00,15.0,383.2805,7,24.96735,121.54464
381000000,326,2012-12-01 00:00:00,36.6,488.8193,8,24.97015,121.54494
403000000,7,2012-08-01 00:00:00,34.5,623.4731,7,24.97933,121.53642
461000000,300,2013-02-01 00:00:00,33.2,121.7262,10,24.98178,121.54059
553000000,286,2013-02-01 00:00:00,30.1,718.2937,3,24.97509,121.53644
394000000,159,2012-12-01 00:00:00,11.6,390.5684,5,24.97937,121.54245
485000000,151,2013-03-01 00:00:00,35.8,170.7311,7,24.96719,121.54269
414000000,11,2012-12-01 00:00:00,34.8,405.2134,1,24.97349,121.53372
156000000,332,2013-03-01 00:00:00,25.6,4519.69,0,24.94826,121.49587
457000000,104,2012-09-01 00:00:00,0.0,208.3905,6,24.95618,121.53844
368000000,82,2012-12-01 00:00:00,30.8,377.7956,6,24.96427,121.53964
440000000,279,2012-09-01 00:00:00,0.0,208.3905,6,24.95618,121.53844
633000000,259,2013-05-01 00:00:00,0.0,292.9978,6,24.97744,121.54458
434000000,168,2013-05-01 00:00:00,28.2,330.0854,8,24.97408,121.54011
273000000,389,2013-06-01 00:00:00,10.4,2251.938,4,24.95957,121.51353
423000000,224,2013-03-01 00:00:00,9.1,1402.016,0,24.98569,121.5276
190000000,230,2013-06-01 00:00:00,31.0,1156.412,0,24.9489,121.53095
559000000,182,2013-02-01 00:00:00,11.6,201.8939,8,24.98489,121.54121
402000000,228,2012-11-01 00:00:00,32.4,265.0609,8,24.98059,121.53986
253000000,90,2013-06-01 00:00:00,23.0,3947.945,0,24.94783,121.50243
677000000,390,2013-03-01 00:00:00,40.9,122.3619,8,24.96756,121.5423
555000000,164,2013-06-01 00:00:00,8.5,104.8101,5,24.96674,121.54067
432000000,148,2012-09-01 00:00:00,3.2,489.8821,8,24.97017,121.54494
406000000,247,2013-05-01 00:00:00,16.4,389.8219,6,24.96412,121.54273
218000000,93,2012-11-01 00:00:00,20.6,2469.645,4,24.96108,121.51046
420000000,70,2012-09-01 00:00:00,12.5,561.9845,5,24.98746,121.54391
455000000,124,2013-05-01 00:00:00,0.0,185.4296,0,24.9711,121.5317
595000000,97,2013-05-01 00:00:00,6.4,90.45606,9,24.97433,121.5431
401000000,144,2013-06-01 00:00:00,13.6,492.2313,5,24.96515,121.53737
400000000,363,2013-05-01 00:00:00,17.1,967.4,4,24.98872,121.53408
346000000,98,2012-12-01 00:00:00,28.4,617.4424,3,24.97746,121.53299
150000000,250,2012-09-01 00:00:00,18.0,6306.153,1,24.95743,121.47516
362000000,69,2013-05-01 00:00:00,30.4,464.223,6,24.97964,121.53805
479000000,24,2012-12-01 00:00:00,10.1,279.1726,7,24.97528,121.54541
253000000,38,2013-02-01 00:00:00,12.0,1360.139,1,24.95204,121.54842
284000000,145,2012-12-01 00:00:00,11.9,1360.139,1,24.95204,121.54842
325000000,123,2013-03-01 00:00:00,31.5,414.9476,4,24.98199,121.54464
466000000,229,2013-05-01 00:00:00,11.9,3171.329,0,25.00115,121.51776
236000000,183,2013-06-01 00:00:00,13.5,2147.376,3,24.96299,121.51284
568000000,68,2013-06-01 00:00:00,8.5,104.8101,5,24.96674,121.54067
429000000,341,2013-03-01 00:00:00,33.6,270.8895,0,24.97281,121.53265
217000000,245,2012-12-01 00:00:00,4.8,1559.827,3,24.97213,121.51627
247000000,395,2013-06-01 00:00:00,32.6,4136.271,1,24.95544,121.4963
129000000,385,2012-09-01 00:00:00,16.1,4066.587,0,24.94297,121.50342
192000000,330,2012-12-01 00:00:00,13.6,4197.349,0,24.93885,121.50383
522000000,211,2013-06-01 00:00:00,5.2,390.5684,5,24.97937,121.54245
486000000,126,2013-02-01 00:00:00,1.1,193.5845,6,24.96571,121.54089
522000000,147,2012-09-01 00:00:00,0.0,185.4296,0,24.9711,121.5317
445000000,290,2013-03-01 00:00:00,13.9,289.3248,5,24.98203,121.54348
270000000,87,2012-09-01 00:00:00,1.8,1455.798,1,24.9512,121.549
525000000,413,2012-12-01 00:00:00,8.1,104.8101,5,24.96674,121.54067
783000000,221,2013-03-01 00:00:00,37.2,186.5101,9,24.97703,121.54265
470000000,350,2012-09-01 00:00:00,7.8,104.8101,5,24.96674,121.54067
367000000,328,2013-05-01 00:00:00,3.5,757.3377,3,24.97538,121.54971
453000000,357,2012-09-01 00:00:00,10.3,211.4473,1,24.97417,121.52999
416000000,315,2013-03-01 00:00:00,3.7,577.9615,6,24.97201,121.54722
188000000,184,2013-06-01 00:00:00,17.0,4082.015,0,24.94155,121.50381
438000000,219,2013-05-01 00:00:00,13.6,492.2313,5,24.96515,121.53737
381000000,295,2013-06-01 00:00:00,26.4,335.5273,6,24.9796,121.5414
384000000,334,2012-09-01 00:00:00,7.8,104.8101,5,24.96674,121.54067
353000000,393,2012-12-01 00:00:00,42.7,443.802,6,24.97927,121.53874
410000000,130,2013-05-01 00:00:00,38.5,216.8329,7,24.98086,121.54162
477000000,39,2012-08-01 00:00:00,3.1,577.9615,6,24.97201,121.54722
581000000,12,2013-03-01 00:00:00,6.3,90.45606,9,24.97433,121.5431
454000000,281,2013-03-01 00:00:00,2.3,184.3302,6,24.96581,121.54086
215000000,186,2012-09-01 00:00:00,31.4,1447.286,3,24.97285,121.5173
448000000,282,2013-03-01 00:00:00,4.7,387.7721,9,24.98118,121.53788
231000000,113,2013-05-01 00:00:00,9.9,2102.427,3,24.96044,121.51462
426000000,180,2012-12-01 00:00:00,14.0,438.8513,1,24.97493,121.5273
357000000,302,2012-09-01 00:00:00,38.0,461.7848,0,24.97229,121.53445
248000000,367,2012-09-01 00:00:00,14.2,1801.544,1,24.95153,121.55254
309000000,338,2012-09-01 00:00:00,31.3,600.8604,5,24.96871,121.54651
130000000,118,2012-12-01 00:00:00,13.6,4197.349,0,24.93885,121.50383
473000000,382,2013-05-01 00:00:00,8.0,132.5469,9,24.98298,121.53981
329000000,288,2012-12-01 00:00:00,19.2,461.1016,5,24.95425,121.5399
230000000,399,2013-05-01 00:00:00,14.7,1717.193,2,24.96447,121.51649
167000000,299,2013-03-01 00:00:00,16.7,4082.015,0,24.94155,121.50381
324000000,234,2013-03-01 00:00:00,39.7,333.3679,9,24.98016,121.53932
238000000,376,2013-03-01 00:00:00,21.7,1157.988,0,24.96165,121.55011
174000000,256,2013-05-01 00:00:00,31.5,5512.038,1,24.95095,121.48458
552000000,165,2012-09-01 00:00:00,0.0,185.4296,0,24.9711,121.5317
301000000,355,2013-05-01 00:00:00,12.2,1360.139,1,24.95204,121.54842
468000000,137,2012-09-01 00:00:00,11.4,390.5684,5,24.97937,121.54245
207000000,155,2013-06-01 00:00:00,16.9,4066.587,0,24.94297,121.50342
316000000,200,2013-05-01 00:00:00,18.2,451.6419,8,24.96945,121.5449
482000000,198,2013-03-01 00:00:00,34.4,126.7286,8,24.96881,121.54089
405000000,407,2013-02-01 00:00:00,1.9,372.1386,7,24.97293,121.54026
473000000,3,2013-06-01 00:00:00,13.3,561.9845,5,24.98746,121.54391
174000000,233,2012-11-01 00:00:00,27.1,4412.765,1,24.95032,121.49587
266000000,205,2012-12-01 00:00:00,18.0,1414.837,1,24.95182,121.54887
464000000,116,2012-12-01 00:00:00,20.6,737.9161,2,24.98092,121.54739
259000000,254,2012-08-01 00:00:00,30.4,1735.595,2,24.96464,121.51623
377000000,322,2012-11-01 00:00:00,16.9,964.7496,4,24.98872,121.53411
562000000,27,2012-08-01 00:00:00,3.1,383.8624,5,24.98085,121.54391
313000000,121,2013-02-01 00:00:00,13.3,492.2313,5,24.96515,121.53737
498000000,319,2013-03-01 00:00:00,7.1,379.5575,10,24.98343,121.53762
460000000,225,2013-03-01 00:00:00,34.5,324.9419,6,24.97814,121.5417
228000000,335,2012-11-01 00:00:00,30.0,1013.341,5,24.99006,121.5346
277000000,278,2013-05-01 00:00:00,21.2,2185.128,3,24.96322,121.51237
550000000,128,2013-03-01 00:00:00,3.8,383.8624,5,24.98085,121.54391
535000000,343,2012-08-01 00:00:00,5.7,90.45606,9,24.97433,121.5431
266000000,108,2013-03-01 00:00:00,12.2,1360.139,1,24.95204,121.54842
425000000,396,2012-11-01 00:00:00,21.2,512.5487,4,24.974,121.53842
395000000,134,2012-09-01 00:00:00,18.0,373.3937,8,24.9866,121.54082
232000000,303,2013-06-01 00:00:00,16.5,2288.011,3,24.95885,121.51359
539000000,45,2013-06-01 00:00:00,2.7,533.4762,4,24.97445,121.54765
533000000,381,2013-03-01 00:00:00,14.1,289.3248,5,24.98203,121.54348
443000000,66,2013-05-01 00:00:00,40.1,123.7429,8,24.97635,121.54329
508000000,86,2012-09-01 00:00:00,0.0,338.9679,9,24.96853,121.54413
334000000,243,2012-09-01 00:00:00,2.0,2077.39,3,24.96357,121.51329
257000000,187,2013-02-01 00:00:00,20.9,2185.128,3,24.96322,121.51237
374000000,160,2012-08-01 00:00:00,15.5,815.9314,4,24.97886,121.53464
393000000,13,2012-11-01 00:00:00,13.0,492.2313,5,24.96515,121.53737
273000000,36,2013-06-01 00:00:00,13.9,4079.418,0,25.01459,121.51816
470000000,29,2013-06-01 00:00:00,19.2,557.478,4,24.97419,121.53797
144000000,171,2013-03-01 00:00:00,24.0,4527.687,0,24.94741,121.49628
375000000,143,2013-05-01 00:00:00,19.8,640.6071,5,24.97017,121.54647
397000000,404,2012-08-01 00:00:00,30.9,161.942,9,24.98353,121.53966
780000000,313,2013-06-01 00:00:00,35.4,318.5292,9,24.97071,121.54069
385000000,222,2013-03-01 00:00:00,9.0,1402.016,0,24.98569,121.5276
518000000,96,2012-11-01 00:00:00,8.0,104.8101,5,24.96674,121.54067
207000000,52,2012-12-01 00:00:00,31.3,1758.406,1,24.95402,121.55282
288000000,241,2012-12-01 00:00:00,11.0,1712.632,2,24.96412,121.5167
247000000,311,2013-06-01 00:00:00,16.4,1643.499,2,24.95394,121.55174
420000000,317,2013-03-01 00:00:00,13.3,250.631,7,24.96606,121.54297
367000000,179,2013-06-01 00:00:00,13.1,1144.436,4,24.99176,121.53456
182000000,42,2013-06-01 00:00:00,16.8,4066.587,0,24.94297,121.50342
331000000,323,2012-12-01 00:00:00,12.9,187.4823,1,24.97388,121.52981
440000000,207,2013-03-01 00:00:00,22.2,379.5575,10,24.98343,121.53762
256000000,283,2012-11-01 00:00:00,2.0,1455.798,1,24.9512,121.549
518000000,255,2012-08-01 00:00:00,1.1,329.9747,5,24.98254,121.54395
403000000,394,2012-12-01 00:00:00,16.9,967.4,4,24.98872,121.53408
431000000,5,2012-09-01 00:00:00,5.0,390.5684,5,24.97937,121.54245
265000000,257,2012-08-01 00:00:00,14.6,339.2289,1,24.97519,121.53151
421000000,371,2012-09-01 00:00:00,15.9,289.3248,5,24.98203,121.54348
382000000,101,2013-06-01 00:00:00,17.5,964.7496,4,24.98872,121.53411
128000000,227,2012-12-01 00:00:00,16.5,4082.015,0,24.94155,121.50381
313000000,354,2013-06-01 00:00:00,4.1,2147.376,3,24.96299,121.51284
580000000,214,2012-12-01 00:00:00,6.2,90.45606,9,24.97433,121.5431
588000000,172,2012-12-01 00:00:00,3.6,383.8624,5,24.98085,121.54391
510000000,99,2013-05-01 00:00:00,16.4,289.3248,5,24.98203,121.54348
245000000,293,2012-12-01 00:00:00,17.5,395.6747,5,24.95674,121.534
481000000,216,2013-03-01 00:00:00,19.2,383.7129,8,24.972,121.54477
632000000,62,2013-06-01 00:00:00,5.3,259.6607,6,24.97585,121.54516
615000000,48,2013-06-01 00:00:00,35.9,640.7391,3,24.97563,121.53715
342000000,33,2012-09-01 00:00:00,37.9,488.5727,1,24.97349,121.53451
411000000,268,2012-09-01 00:00:00,34.7,482.7581,5,24.97433,121.53863
255000000,201,2013-05-01 00:00:00,17.4,995.7554,0,24.96305,121.54915
431000000,369,2013-05-01 00:00:00,18.2,350.8515,1,24.97544,121.53119
336000000,28,2013-03-01 00:00:00,10.4,276.449,5,24.95593,121.53913
313000000,325,2012-08-01 00:00:00,12.4,1712.632,2,24.96412,121.5167
334000000,231,2013-06-01 00:00:00,4.0,2147.376,3,24.96299,121.51284
307000000,261,2013-03-01 00:00:00,17.0,1485.097,4,24.97073,121.517
510000000,289,2013-06-01 00:00:00,16.6,323.6912,6,24.97841,121.5428
116000000,163,2012-09-01 00:00:00,16.0,4066.587,0,24.94297,121.50342
286000000,352,2012-09-01 00:00:00,4.0,2180.245,3,24.96324,121.51241
435000000,139,2013-02-01 00:00:00,10.0,942.4664,0,24.97843,121.52406
277000000,63,2012-11-01 00:00:00,17.2,2175.877,3,24.96303,121.51254
208000000,136,2012-11-01 00:00:00,18.9,1009.235,0,24.96357,121.54951
607000000,129,2012-12-01 00:00:00,41.3,124.9912,6,24.96674,121.54039
188000000,9,2013-06-01 00:00:00,31.7,5512.038,1,24.95095,121.48458
253000000,65,2013-03-01 00:00:00,17.5,995.7554,0,24.96305,121.54915
369000000,301,2012-12-01 00:00:00,2.5,156.2442,4,24.96696,121.53992
343000000,15,2013-06-01 00:00:00,13.2,1164.838,4,24.99156,121.53406
183000000,157,2013-06-01 00:00:00,30.7,1264.73,0,24.94883,121.52954
159000000,41,2012-12-01 00:00:00,13.6,4082.015,0,24.94155,121.50381
697000000,380,2013-03-01 00:00:00,0.0,292.9978,6,24.97744,121.54458
365000000,336,2013-06-01 00:00:00,27.3,337.6016,6,24.96431,121.54063
397000000,217,2013-03-01 00:00:00,37.8,590.9292,1,24.97153,121.53559
311000000,280,2013-05-01 00:00:00,2.6,1554.25,3,24.97026,121.51642
449000000,358,2013-05-01 00:00:00,0.0,338.9679,9,24.96853,121.54413
619000000,237,2013-02-01 00:00:00,3.6,373.8389,10,24.98322,121.53765
342000000,208,2012-12-01 00:00:00,38.5,665.0636,3,24.97503,121.53692
311000000,213,2013-03-01 00:00:00,17.6,1805.665,2,24.98672,121.52091
218000000,296,2013-02-01 00:00:00,18.2,2179.59,3,24.96299,121.51252
568000000,378,2013-03-01 00:00:00,3.9,49.66105,8,24.95836,121.53756
138000000,252,2012-11-01 00:00:00,31.7,1159.454,0,24.9496,121.53018
412000000,405,2013-03-01 00:00:00,16.4,289.3248,5,24.98203,121.54348
374000000,379,2013-03-01 00:00:00,37.3,587.8877,8,24.97077,121.54634
384000000,304,2013-06-01 00:00:00,38.3,439.7105,0,24.97161,121.53423
230000000,270,2012-12-01 00:00:00,17.6,837.7233,0,24.96334,121.54767
459000000,202,2013-05-01 00:00:00,13.1,561.9845,5,24.98746,121.54391
396000000,162,2013-05-01 00:00:00,19.2,616.4004,3,24.97723,121.53767
341000000,44,2012-09-01 00:00:00,34.4,512.7871,6,24.98748,121.54301
408000000,218,2012-11-01 00:00:00,28.0,372.6242,6,24.97838,121.54119
423000000,191,2013-06-01 00:00:00,35.3,616.5735,8,24.97945,121.53642
191000000,310,2013-03-01 00:00:00,30.3,1264.73,0,24.94883,121.52954
288000000,260,2012-12-01 00:00:00,17.7,837.7233,0,24.96334,121.54767
710000000,106,2012-09-01 00:00:00,0.0,292.9978,6,24.97744,121.54458
389000000,54,2012-12-01 00:00:00,13.3,492.2313,5,24.96515,121.53737
422000000,2,2012-11-01 00:00:00,19.5,306.5947,9,24.98034,121.53951
132000000,50,2012-08-01 00:00:00,29.4,4510.359,1,24.94925,121.49542
403000000,81,2013-06-01 00:00:00,11.8,533.4762,4,24.97445,121.54765
214000000,206,2012-12-01 00:00:00,12.8,1449.722,3,24.97289,121.51728
551000000,35,2012-09-01 00:00:00,15.4,205.367,7,24.98419,121.54243
317000000,264,2013-05-01 00:00:00,3.9,2147.376,3,24.96299,121.51284
432000000,92,2013-03-01 00:00:00,9.1,1402.016,0,24.98569,121.5276
504000000,340,2013-03-01 00:00:00,1.7,329.9747,5,24.98254,121.54395
270000000,53,2013-06-01 00:00:00,32.1,1438.579,3,24.97419,121.5175
379000000,346,2012-08-01 00:00:00,0.0,185.4296,0,24.9711,121.5317
406000000,265,2013-02-01 00:00:00,32.6,493.657,7,24.96968,121.54522
414000000,242,2013-06-01 00:00:00,13.7,250.631,7,24.96606,121.54297
238000000,14,2012-08-01 00:00:00,20.4,2469.645,4,24.96108,121.51046
273000000,316,2012-12-01 00:00:00,15.6,1756.411,2,24.9832,121.51812
480000000,89,2012-11-01 00:00:00,8.9,1406.43,0,24.98573,121.52758
293000000,274,2013-05-01 00:00:00,13.2,170.1289,1,24.97371,121.52984
736000000,167,2013-05-01 00:00:00,0.0,292.9978,6,24.97744,121.54458
236000000,329,2012-09-01 00:00:00,15.9,1497.713,3,24.97003,121.51696
223000000,408,2012-12-01 00:00:00,5.2,2408.993,0,24.95505,121.55964
422000000,135,2012-08-01 00:00:00,33.4,186.9686,6,24.96604,121.54211
502000000,307,2013-06-01 00:00:00,14.4,169.9803,1,24.97369,121.52979
322000000,398,2013-05-01 00:00:00,13.1,1164.838,4,24.99156,121.53406
269000000,320,2013-03-01 00:00:00,34.6,272.6783,5,24.95562,121.53872
482000000,244,2013-05-01 00:00:00,32.8,204.1705,8,24.98236,121.53923
517000000,55,2012-12-01 00:00:00,16.1,289.3248,5,24.98203,121.54348
480000000,364,2013-06-01 00:00:00,32.3,109.9455,10,24.98182,121.54086
442000000,51,2013-05-01 00:00:00,21.7,512.5487,4,24.974,121.53842
452000000,175,2013-05-01 00:00:00,4.3,432.0385,7,24.9805,121.53778
205000000,190,2012-11-01 00:00:00,16.3,4066.587,0,24.94297,121.50342
406000000,412,2013-03-01 00:00:00,18.8,390.9696,7,24.97923,121.53986
220000000,188,2012-12-01 00:00:00,8.9,3078.176,0,24.95464,121.56627
235000000,170,2013-05-01 00:00:00,8.4,1962.628,1,24.95468,121.55481
226000000,59,2013-06-01 00:00:00,30.3,4510.359,1,24.94925,121.49542
134000000,49,2013-05-01 00:00:00,24.2,4605.749,0,24.94684,121.49578
412000000,345,2013-06-01 00:00:00,34.6,3085.17,0,24.998,121.5155
393000000,236,2012-09-01 00:00:00,12.9,250.631,7,24.96606,121.54297
527000000,253,2012-09-01 00:00:00,5.9,90.45606,9,24.97433,121.5431
516000000,22,2013-05-01 00:00:00,10.5,279.1726,7,24.97528,121.54541
428000000,314,2013-03-01 00:00:00,8.3,104.8101,5,24.96674,121.54067
578000000,161,2012-11-01 00:00:00,3.5,49.66105,8,24.95836,121.53756
340000000,277,2012-12-01 00:00:00,19.1,461.1016,5,24.95425,121.5399
378000000,192,2013-02-01 00:00:00,13.2,750.0704,2,24.97371,121.54951
466000000,386,2012-12-01 00:00:00,18.3,82.88643,10,24.983,121.54026
425000000,294,2012-08-01 00:00:00,12.6,383.2805,7,24.96735,121.54464
466000000,344,2012-12-01 00:00:00,33.5,563.2854,8,24.98223,121.53597
439000000,258,2013-03-01 00:00:00,17.3,444.1334,1,24.97501,121.5273
530000000,309,2013-05-01 00:00:00,16.4,289.3248,5,24.98203,121.54348
397000000,150,2012-08-01 00:00:00,34.9,179.4538,8,24.97349,121.54245
375000000,131,2013-03-01 00:00:00,29.6,535.527,8,24.98092,121.53653
447000000,152,2013-06-01 00:00:00,4.9,387.7721,9,24.98118,121.53788
247000000,360,2013-06-01 00:00:00,5.6,2408.993,0,24.95505,121.55964
622000000,100,2013-05-01 00:00:00,6.4,90.45606,9,24.97433,121.5431
415000000,373,2012-12-01 00:00:00,33.9,157.6052,7,24.96628,121.54196
183000000,88,2013-06-01 00:00:00,16.9,4066.587,0,24.94297,121.50342
128000000,331,2012-12-01 00:00:00,32.0,1156.777,0,24.94935,121.53046
209000000,215,2013-06-01 00:00:00,18.1,1783.18,3,24.96731,121.51486
480000000,122,2013-06-01 00:00:00,13.6,492.2313,5,24.96515,121.53737
639000000,414,2013-06-01 00:00:00,6.5,90.45606,9,24.97433,121.5431
293000000,21,2013-05-01 00:00:00,4.5,2275.877,3,24.96314,121.51151
443000000,189,2012-11-01 00:00:00,34.8,190.0392,8,24.97707,121.54312
408000000,72,2012-12-01 00:00:00,35.5,640.7391,3,24.97563,121.53715
471000000,107,2012-12-01 00:00:00,17.2,189.5181,8,24.97707,121.54308
1175000000,271,2013-03-01 00:00:00,10.8,252.5822,1,24.9746,121.53046
537000000,349,2012-09-01 00:00:00,4.6,259.6607,6,24.97585,121.54516
544000000,103,2012-12-01 00:00:00,1.1,193.5845,6,24.96571,121.54089
